<?xml version="1.0" encoding="UTF-8"?>
<project-private xmlns="http://www.netbeans.org/ns/project-private/1">
    <editor-bookmarks xmlns="http://www.netbeans.org/ns/editor-bookmarks/2" lastBookmarkId="0"/>
    <open-files xmlns="http://www.netbeans.org/ns/projectui-open-files/2">
        <group>
            <file>file:/E:/4th%20semister%20OOP%20LAB/Masud/src/masud/DijkstraAlgorithm.java</file>
            <file>file:/E:/4th%20semister%20OOP%20LAB/Masud/src/masud/WelcomePage.java</file>
            <file>file:/E:/4th%20semister%20OOP%20LAB/Masud/src/masud/ShortestPathGUI.java</file>
            <file>file:/E:/4th%20semister%20OOP%20LAB/Masud/src/masud/Node.java</file>
            <file>file:/E:/4th%20semister%20OOP%20LAB/Masud/src/masud/Graph.java</file>
            <file>file:/E:/4th%20semister%20OOP%20LAB/Masud/src/masud/Masud.java</file>
        </group>
    </open-files>
</project-private>
